Name,ID,Category,Sub-Category,Quantity,Backorder,Sale Price,Tax,Total,Price,Buy Cost,Profit,Expiration Date
a,384,Perishable,-1,631,0,404.02,2664342247.96,2664342651.98,120.04,283.98,3/24/2026
A,42,NonPerishable,-1,615,0,313.09,960927784.72,960928097.81,145.97,167.12,-1
aaC,270,Perishable,-1,901,0,286.95,678110268.49,678110555.44,94.16,192.79,8/8/2032
AAErFkkqLUYKLdnJfKuMy,200,NonPerishable,-1,57,0,380.51,2096298001.89,2096298382.4,44.64,335.87,-1
ACrWvPRRDPvkKsDNRfPfJAz,499,Perishable,-1,269,0,374.4,1964913717.31,1964914091.71,155.13,219.27,12/7/2034
AcYcXOUFijBdWdeNiWQaBERljapEyC,344,Perishable,-1,91,0,323.56,1096157415.73,1096157739.29,62.01,261.55,6/17/2029
AdZHVgxJAtXnKtqKB,225,NonPerishable,-1,863,0,472.2,4971687847.76,4971688319.96,233.15,239.05,-1
aehLWLsTMlkleOGsfqbRCGMiVTkMfHe,356,Perishable,-1,706,0,452.51,4192790665.71,4192791118.22,189.4,263.11,8/4/2033
aETEXdDXJrQeoxdbYdpCKPNhFLzGzc,189,NonPerishable,-1,245,0,32.23,107803.87,107836.1,14.1,18.13,-1
alFQmFVlHdiVQp,457,Perishable,-1,486,0,467.48,4776070416.79,4776070884.27,93.04,374.44,1/13/2024
AmlcoiNSW,383,Perishable,-1,871,0,151.86,53197022.69,53197174.55,63.97,87.89,6/1/2027
aMrltwaLCZs,275,Perishable,-1,546,0,173.32,90228811.32,90228984.64,55.79,117.53,4/26/2032
AmVIEMszYkbAQXvJRHjVagfTKyIGAKul,427,Perishable,-1,9,0,443.99,3885998459.58,3885998903.57,152.26,291.73,11/1/2027
anfLDUpMHXOnqNJCw,323,Perishable,-1,319,0,498.03,6151709032,6151709530.03,115.99,382.04,11/12/2034
aOW,397,Perishable,-1,578,0,107.9,13554559.85,13554667.75,25.89,82.01,9/25/2027
aRNiwHxjGGORgcwjRFzBByxsrQBLX,170,NonPerishable,-1,914,0,395.09,2436661808.05,2436662203.14,138.66,256.43,-1
ArS,95,NonPerishable,-1,84,0,69.46,2329119.52,2329188.98,30.75,38.71,-1
atyeKvkmAGJ,124,NonPerishable,-1,198,0,132.83,31123325.57,31123458.4,51.24,81.59,-1
aU,465,Perishable,-1,982,0,249.26,386082328.57,386082577.83,4.38,244.88,11/16/2035
aXuUKpQxPNMyTFtXOIupg,93,NonPerishable,-1,811,0,136.93,35147859.25,35147996.18,39.47,97.46,-1
ayiDJeZTvvxyoSfxz,432,Perishable,-1,778,0,253.98,416132982.4,416133236.38,88.33,165.65,10/17/2034
bCMlGrMOnWYAQAWQbfLfmUofri,181,NonPerishable,-1,997,0,256.99,436195919.25,436196176.24,89.22,167.77,-1
BdmMuFPefSKniVVpHVBAKhAUpsOoRfh,430,Perishable,-1,920,0,114.41,17132386.09,17132500.5,52.37,62.04,5/2/2027
BEYqcyIf,133,NonPerishable,-1,949,0,100.03,10009002.8,10009102.83,36.53,63.5,-1
BfKvz,375,Perishable,-1,942,0,87.36,5827084.97,5827172.33,19.71,67.65,9/20/2035
bGnyF,497,Perishable,-1,499,0,79.27,3950016.97,3950096.24,9.49,69.78,2/20/2029
BlwnsacnO,51,NonPerishable,-1,738,0,26.66,50591.62,50618.28,6.87,19.79,-1
bMrbi,143,NonPerishable,-1,818,0,177.02,98183774.8,98183951.82,33.79,143.23,-1
bNeyWENSTLwspjtGfrTeRjkQni,333,Perishable,-1,934,0,180.54,106217950.35,106218130.89,56.83,123.71,4/26/2025
BnheRHBxYtTWctnlLBCiZYBLE,182,NonPerishable,-1,143,0,148.47,48600717.65,48600866.12,0.79,147.68,-1
bPLOKcrvRMajLxifyiSiUMueRcUwdjnY,467,Perishable,-1,7,0,452.47,4191678890.09,4191679342.56,136.92,315.55,2/2/2027
bQJYXpfouTJAzmkieVvJHfTp,90,NonPerishable,-1,590,0,48.04,532165.02,532213.06,7.71,40.33,-1
bqRVQvNjqEjGIGvvZgskMfMOsyiiZvmB,477,Perishable,-1,402,0,359.62,1672443111.58,1672443471.2,101.83,257.79,1/26/2030
BRyISCUGuBBfoHrzXbNCKbFh,359,Perishable,-1,43,0,340.61,1345912894.33,1345913234.94,13.31,327.3,12/14/2023
BWP,58,NonPerishable,-1,915,0,463.63,4620171341.56,4620171805.19,22.48,441.15,-1
bXgLAMVrkGdrthSFrWBuMQmTFRhTinY,187,NonPerishable,-1,949,0,326.84,1141005150.03,1141005476.87,40.79,286.05,-1
bxKdZRuTrjDB,234,NonPerishable,-1,582,0,213.15,206463554.84,206463767.99,60.68,152.47,-1
BxtpgTdsVuqIcvPLjBQndiXDnxXSq,329,Perishable,-1,435,0,206.53,181915219.69,181915426.22,51.68,154.85,11/8/2030
ByfIkPVirnlFwTU,261,Perishable,-1,427,0,224.1,252212925.93,252213150.03,88.91,135.19,7/20/2026
bYRFvnNWmAWJubvrFbfKk,28,NonPerishable,-1,715,0,401.42,2596416858.25,2596417259.67,93.1,308.32,-1
C,415,Perishable,-1,502,0,90.31,6651133.72,6651224.03,14.07,76.24,7/14/2026
cBBIvLzRJwaSLFCUmUwHhBwe,209,NonPerishable,-1,383,0,424.02,3232398749.33,3232399173.35,19.74,404.28,-1
CfZUkDk,104,NonPerishable,-1,932,0,248.38,380628686.62,380628935,48.08,200.3,-1
cGcHXpbnFQQO,446,Perishable,-1,824,0,254.84,421698444.62,421698699.46,74.31,180.53,3/24/2027
CGvdXwjtlKLXWdRDsSTjlpr,82,NonPerishable,-1,559,0,169.91,83339341.1,83339511.01,37.68,132.23,-1
cHxJpTjLwjfcbcT,62,NonPerishable,-1,77,0,381.18,2111267006.85,2111267388.03,89.33,291.85,-1
CiE,378,Perishable,-1,324,0,68.18,2161511.9,2161580.08,11.12,57.06,5/4/2029
CkbGYjIKapZPRZnCrWWNKStr,296,Perishable,-1,447,0,230.14,280474142.64,280474372.78,86.83,143.31,9/14/2023
cLBBniHwAb,364,Perishable,-1,910,0,107.93,13565825.31,13565933.24,36.53,71.4,1/4/2025
clMNSBkqavglIrNEbUdyzjvmP,212,NonPerishable,-1,102,0,53.52,820160.82,820214.34,17.4,36.12,-1
clmxrjtLWxZdiCWdSZZcI,438,Perishable,-1,162,0,83.94,4962161.79,4962245.73,17.02,66.92,1/17/2032
cmRTYFRJthZHQqfoGEEMYjaOELPunHzK,188,NonPerishable,-1,656,0,346.85,1447119040.96,1447119387.81,25.81,321.04,-1
cmxtygMjnApJlZjJjSQTEzGETDVH,444,Perishable,-1,492,0,17.58,9562.29,9579.87,6.9,10.68,3/5/2033
CNUptPZwyCIJBspdmp,395,Perishable,-1,488,0,29.07,71484,71513.07,12.53,16.54,10/18/2034
cSjvxMMAHPbMGGyVY,412,Perishable,-1,999,0,277.68,594578881.76,594579159.44,119.82,157.86,10/13/2025
cSNJOBvlzQiqamulNGkobkXIbxP,19,NonPerishable,-1,474,0,23.51,30537.84,30561.35,10,13.51,-1
CSVzISDLEUL,367,Perishable,-1,212,0,263.62,482925649.35,482925912.97,31.12,232.5,2/26/2024
CuJXXa,63,NonPerishable,-1,537,0,395.25,2440857248.68,2440857643.93,117.68,277.57,-1
cvAbftxAQ,59,NonPerishable,-1,63,0,362.35,1724141296.01,1724141658.36,16.14,346.21,-1
cWNGJNJqhYOs,339,Perishable,-1,123,0,408.97,2797677076.54,2797677485.51,150.73,258.24,6/13/2024
CyQzmBMGdIDt,149,NonPerishable,-1,226,0,283.46,645696388.44,645696671.9,12.1,271.36,-1
dBLMmec,362,Perishable,-1,445,0,429.84,3413397128.37,3413397558.21,174.65,255.19,1/12/2035
DfE,61,NonPerishable,-1,721,0,320.32,1052710907.25,1052711227.57,79.49,240.83,-1
DfIWuaEdgQTuT,262,Perishable,-1,75,0,206.49,181809796.91,181810003.4,54.98,151.51,10/28/2032
DGZDmTHZlOtOxCLOMLWHXyHvddDV,466,Perishable,-1,164,0,329.06,1172608337.35,1172608666.41,103.28,225.78,8/16/2027
dhgLNvHeqjlckFXmvJ,171,NonPerishable,-1,870,0,240.27,333313236.02,333313476.29,4.48,235.79,-1
dISO,107,NonPerishable,-1,190,0,16.37,7195.11,7211.48,2.35,14.02,-1
DIzFDKTRbsGLMh,361,Perishable,-1,57,0,264.07,486323974.16,486324238.23,53.5,210.57,12/9/2035
dKAFsbkppIqnBeHahnESEjEc,130,NonPerishable,-1,591,0,318.29,1026373880.33,1026374198.62,0.72,317.57,-1
dkguUnSirwFTSmiKWFJm,325,Perishable,-1,454,0,233.08,295159604.03,295159837.11,87.34,145.74,7/10/2024
DLHcNBZ,35,NonPerishable,-1,834,0,392.94,2383749845.29,2383750238.23,106.35,286.59,-1
dlMjLHWbEFmuLbw,9,NonPerishable,-1,688,0,401.94,2609766957.8,2609767359.74,26.82,375.12,-1
dmFVAg,57,NonPerishable,-1,921,0,364.95,1773675284,1773675648.95,171.78,193.17,-1
DpInaRhLrBjknZRWLrdmZ,392,Perishable,-1,546,0,324.76,1112508712.73,1112509037.49,51.42,273.34,11/3/2031
DQmBGZFWyUdilgt,177,NonPerishable,-1,721,0,15.15,5285.84,5300.99,2.54,12.61,-1
dSaVMjYUSJYnRAoa,456,Perishable,-1,349,0,234.41,301915895.78,301916130.19,14.64,219.77,11/21/2028
DSeYQMMfZkkSfzJqBrSdoButfIiXu,129,NonPerishable,-1,692,0,152.94,54697850.07,54698003.01,45.93,107.01,-1
DSireqWsRFsRAELIi,109,NonPerishable,-1,735,0,40.47,268438.72,268479.19,9.63,30.84,-1
dSssKKpeKpbLHRoI,155,NonPerishable,-1,497,0,375.87,1996113429.14,1996113805.01,117.1,258.77,-1
DUF,100,NonPerishable,-1,796,0,414.65,2955795148.45,2955795563.1,131.62,283.03,-1
DuQdZozOifGcRMPCmSs,393,Perishable,-1,572,0,164.53,73265824.34,73265988.87,60.54,103.99,7/13/2031
DUuvjuraDyqHuRs,176,NonPerishable,-1,391,0,449.49,4082158801.1,4082159250.59,174.36,275.13,-1
dVEGZWTPzyVBvVDScLb,205,NonPerishable,-1,852,0,287.74,685394461.52,685394749.26,54.28,233.46,-1
DwBurFZLUebxEylXqEBjAQCktqHyuvVX,252,Perishable,-1,404,0,325.14,1117450041.33,1117450366.47,144.14,181,8/24/2032
dxErBvCXbHYQNf,486,Perishable,-1,741,0,404.2,2669224670.88,2669225075.08,64.05,340.15,1/5/2030
DzHUIxrVHfVbSERaVpEqbHZiD,488,Perishable,-1,47,0,167.42,78555635.44,78555802.86,13.12,154.3,10/19/2027
eBSsKeHxMudCfY,343,Perishable,-1,701,0,238.55,323898154.21,323898392.76,11.59,226.96,8/15/2026
EBZsvZTCvd,7,NonPerishable,-1,605,0,318.67,1031348594.31,1031348912.98,28.75,289.92,-1
EDpYFRJETCerPuz,87,NonPerishable,-1,66,0,22.16,24160.38,24182.54,3.75,18.41,-1
ENCCyUhEy,127,NonPerishable,-1,374,0,203.54,171598634.7,171598838.24,76.43,127.11,-1
EnzXDHVLvjjYOPIHLYKDI,421,Perishable,-1,905,0,464.39,4650940212.77,4650940677.16,119,345.39,7/22/2033
EptVwPcuWhUrCeDyjLpiEoe,174,NonPerishable,-1,574,0,397.46,2495844680.44,2495845077.9,168.91,228.55,-1
EqIMaRpCuQZ,426,Perishable,-1,311,0,102.2,10909426.89,10909529.09,5.6,96.6,8/2/2030
ErYUzJCqCQwQ,449,Perishable,-1,82,0,301.26,823802992.46,823803293.72,137.46,163.8,2/2/2034
eSUDYFURXqLxQ,492,Perishable,-1,974,0,112.49,16013763.68,16013876.17,35.87,76.62,7/6/2025
EVSlSFRqnZroKjxGwSXsnBuigChcZvA,227,NonPerishable,-1,674,0,376.45,2008569243.07,2008569619.52,39.3,337.15,-1
ewlgaZtxJfbqdeWiaDZzFvOWZk,278,Perishable,-1,136,0,400.15,2564162040.31,2564162440.46,121.92,278.23,12/14/2024
eWwjqcfHyRSKgzs,321,Perishable,-1,112,0,471.78,4954233901.01,4954234372.79,59.88,411.9,10/1/2024
exanLaHdcDq,179,NonPerishable,-1,439,0,47.16,495077.19,495124.35,7.49,39.67,-1
exGslxxMRPYDaRmAKGXJGwviN,324,Perishable,-1,638,0,242.07,343413491.48,343413733.55,76.33,165.74,6/11/2028
ExJdiYcoEnMtAtmGRcUUc,414,Perishable,-1,294,0,62.11,1487896.6,1487958.71,1.13,60.98,3/2/2030
FcptSkJUtrQJAXzadhJgxIvpkHjdm,249,NonPerishable,-1,791,0,63.2,1595379.09,1595442.29,21.31,41.89,-1
fDzLZrXjEUMUCMSsAtcYWS,391,Perishable,-1,11,0,493.31,5922033120.72,5922033614.03,66.8,426.51,9/2/2035
FfIBOdeKpPjnsmaZL,494,Perishable,-1,567,0,455.52,4305373312.97,4305373768.49,112.69,342.83,8/4/2027
FglaPEvDwGJeycEuLE,484,Perishable,-1,387,0,173.76,91179953.58,91180127.34,29.56,144.2,6/7/2026
fjieebyDhneqEBgNwpMkn,450,Perishable,-1,765,0,14.99,5051.33,5066.32,7,7.99,5/11/2032
FnBYAKTfvxTgKGXWZOQIBowZMTZRSQK,292,Perishable,-1,772,0,165.61,75217649.06,75217814.67,58.18,107.43,9/24/2031
FoQQdNOlbaxph,89,NonPerishable,-1,551,0,10.42,1176.94,1187.36,3.9,6.52,-1
fqXB,235,NonPerishable,-1,722,0,104.97,12144591.28,12144696.25,51.34,53.63,-1
fRNYTqKISQgxCnFpkRqHrYmgR,94,NonPerishable,-1,831,0,151.23,52295715.1,52295866.33,37.48,113.75,-1
FtGfRAbmHYeXAhehxRIeoSzeIXQO,229,NonPerishable,-1,956,0,205.61,178712794.76,178713000.37,62.97,142.64,-1
FTLBKcAjltjlYyfCAKKlrKGTvXy,448,Perishable,-1,583,0,241.92,342492317.8,342492559.72,33.23,208.69,3/9/2035
FTSjDgOfLCYxDroIVPLeX,424,Perishable,-1,938,0,292.95,736628267.81,736628560.76,135.88,157.07,12/27/2030
FUpGGF,405,Perishable,-1,780,0,161.9,68704823.02,68704984.92,70.23,91.67,2/3/2031
fwZ,37,NonPerishable,-1,128,0,423.08,3204131974.53,3204132397.61,135.91,287.17,-1
FXFB,350,Perishable,-1,497,0,380.47,2095635810.11,2095636190.58,29.62,350.85,1/18/2025
fXfwJDditHDPlGnsBduBKGqoThcm,496,Perishable,-1,259,0,53.6,825401.41,825455.01,26.54,27.06,10/15/2025
G,146,NonPerishable,-1,947,0,77.46,3601890.77,3601968.23,26.66,50.8,-1
GbxOojXjmnwHreJl,152,NonPerishable,-1,903,0,269.54,527750023.57,527750293.11,114.68,154.86,-1
GEmWuyopIArngjlsf,167,NonPerishable,-1,517,0,156.76,60402148.7,60402305.46,1.91,154.85,-1
geqNKRHIbKGvuOYoElNLKEYIHjyFotg,2,NonPerishable,-1,733,0,66.59,1966535.88,1966602.47,6.24,60.35,-1
GEQofivzaPztYVeecFf,267,Perishable,-1,32,0,285.49,664322314.43,664322599.92,51.9,233.59,9/4/2026
GgsyMlSZZzVjTmMVDNdPMjxSsjYbw,462,Perishable,-1,827,0,134.63,32845104.88,32845239.51,61.02,73.61,6/28/2026
gIGsnWdtanCcLNdHXdWMLjyLcN,433,Perishable,-1,683,0,314.32,976024084.6,976024398.92,27.78,286.54,9/11/2026
GiqDRwGHvdQmHLDWgZp,18,NonPerishable,-1,147,0,467.92,4793667793.67,4793668261.59,15.72,452.2,-1
gjGcjBrgUtLAQOhZUPIULxw,40,NonPerishable,-1,668,0,259.61,454223105.8,454223365.41,13.67,245.94,-1
gLLdKgmyjFIjEtTv,66,NonPerishable,-1,316,0,237.16,316402116.65,316402353.81,41.73,195.43,-1
gM,153,NonPerishable,-1,114,0,334.87,1257604311.79,1257604646.66,61.8,273.07,-1
GmIsSiqfG,136,NonPerishable,-1,872,0,377.37,2028167857.23,2028168234.6,164.82,212.55,-1
gmRsDFb,49,NonPerishable,-1,880,0,185.88,119392619.98,119392805.86,59.7,126.18,-1
gqZtGnlGK,255,Perishable,-1,500,0,161.48,68003053.46,68003214.94,76.48,85,8/8/2034
GrXLzyuHEKfWEtUE,354,Perishable,-1,696,0,37.53,198232.33,198269.86,6.32,31.21,10/1/2026
Gxmda,228,NonPerishable,-1,53,0,276.14,581372693.8,581372969.94,15.73,260.41,-1
gyzgxggsPMaxQVJkIVS,203,NonPerishable,-1,219,0,394.39,2419438267.76,2419438662.15,33.75,360.64,-1
GzhvqkqwSCCYvR,302,Perishable,-1,918,0,87.56,5880630.29,5880717.85,11.6,75.96,11/20/2033
GzleaWCcrGCdWxigKFTVajg,195,NonPerishable,-1,328,0,29.21,72771.46,72800.67,7.01,22.2,-1
gZmidz,300,Perishable,-1,566,0,490.7,5797813619.89,5797814110.59,65.1,425.6,4/17/2025
HBQd,475,Perishable,-1,250,0,499.86,6243502169.76,6243502669.62,63.07,436.79,7/1/2023
hBvRobLviyoSMeobfeYpo,326,Perishable,-1,37,0,199.99,159976000.8,159976200.79,89.59,110.4,2/26/2023
hbZnQK,78,NonPerishable,-1,668,0,354.29,1575606169.01,1575606523.3,68.02,286.27,-1
hdViWgSGMthMSi,86,NonPerishable,-1,884,0,440.49,3764904568.65,3764905009.14,139.47,301.02,-1
HfjrQFKCCBlLWjQNHwNqUsq,469,Perishable,-1,732,0,366.78,1809865295.39,1809865662.17,160.62,206.16,11/13/2024
hGRwfDzUKUNyXtiuddf,184,NonPerishable,-1,774,0,101.18,10482475.66,10482576.84,33.18,68,-1
hGtJZXjtpQIOxUY,495,Perishable,-1,222,0,198.82,156241504.08,156241702.9,23.96,174.86,6/1/2032
hjdFNjIpNrhQgw,165,NonPerishable,-1,765,0,145.96,45399935.53,45400081.49,48.16,97.8,-1
HLYfsauGdRMe,169,NonPerishable,-1,881,0,489.64,5747407589.24,5747408078.88,86.74,402.9,-1
HMSJowPiejsPPVu,233,NonPerishable,-1,248,0,67.26,2047791.91,2047859.17,2.89,64.37,-1
HnfKqovmjcnFjYEHldFAgkTMdYMQL,185,NonPerishable,-1,478,0,197.25,151418118.27,151418315.52,52.67,144.58,-1
hnl,453,Perishable,-1,738,0,339.81,1333311722.23,1333312062.04,62.58,277.23,4/3/2033
hpE,141,NonPerishable,-1,610,0,317.75,1019555299.22,1019555616.97,117.8,199.95,-1
HprzKaalsxX,461,Perishable,-1,224,0,482.67,5427854547.7,5427855030.37,9.09,473.58,7/27/2033
hqK,103,NonPerishable,-1,954,0,342.04,1368538039.71,1368538381.75,148.93,193.11,-1
hQxmddylrtSVGm,463,Perishable,-1,688,0,316.49,1003353008.01,1003353324.5,64.86,251.63,12/10/2032
HrUnrtgoh,470,Perishable,-1,419,0,355.49,1597062042.05,1597062397.54,2.84,352.65,2/4/2026
HuCte,431,Perishable,-1,905,0,89.15,6320187.62,6320276.77,16.54,72.61,8/17/2028
HUUffEJEl,334,Perishable,-1,242,0,174.64,92998250.2,92998424.84,15.15,159.49,9/6/2026
HZgOrHUqpzWae,476,Perishable,-1,539,0,3.27,11.54,14.81,1.48,1.79,11/24/2027
HZYWfzYLULDElgoMufT,126,NonPerishable,-1,971,0,21.3,20583.89,20605.19,5.37,15.93,-1
iajXULYPfsunczPaskNcItn,31,NonPerishable,-1,451,0,263.23,480055899.29,480056162.52,0.39,262.84,-1
ibKUAfCG,68,NonPerishable,-1,632,0,280.51,619124740.42,619125020.93,43.37,237.14,-1
iedIIMsOIntYeZwSDZUYhqxlG,280,Perishable,-1,157,0,225.95,260702669.05,260702895,58.06,167.89,1/1/2030
iihpjbIdDqCXNDrVkvpU,139,NonPerishable,-1,885,0,264.49,489388111.03,489388375.52,5.1,259.39,-1
IIjBH,436,Perishable,-1,93,0,30.24,83508.36,83538.6,9.27,20.97,9/8/2025
IkTjkKSpVwBCEzfSlEJTO,372,Perishable,-1,784,0,433.43,3528953196.11,3528953629.54,127.47,305.96,1/12/2024
ImQupeMyNrPsoaKQNga,313,Perishable,-1,354,0,387.54,2255388992.07,2255389379.61,36.38,351.16,3/3/2027
iOvdTyTqpFnkqVuQktFzLIVjY,404,Perishable,-1,333,0,232.09,290164657.59,290164889.68,44.65,187.44,4/23/2025
iQGHdgoClKMgVsc,382,Perishable,-1,657,0,357.1,1626145367.71,1626145724.81,26.36,330.74,12/14/2033
iqOoaF,134,NonPerishable,-1,961,0,92.84,7426014.43,7426107.27,13.81,79.03,-1
IqRPt,293,Perishable,-1,329,0,128.26,27070823.66,27070951.92,2.22,126.04,1/17/2035
IrcvpFxNtRlIScfibxb,96,NonPerishable,-1,946,0,177,98150624.1,98150801.1,59.09,117.91,-1
IRCZwOCqfrvVYUcSFzKQQWScbehFi,251,Perishable,-1,940,0,214.34,211024175.2,211024389.54,41.05,173.29,10/3/2023
iRxEKofNbbBEUIuKVdrMtbKcQlcFYn,172,NonPerishable,-1,734,0,69.84,2377744.7,2377814.54,16.27,53.57,-1
iSJOWzK,161,NonPerishable,-1,522,0,189.55,129124883.27,129125072.82,1.51,188.04,-1
iTTRAmHhzqmfjVEZRpB,366,Perishable,-1,752,0,37.33,194034.99,194072.32,14.94,22.39,10/5/2032
ITwvCwQqNcCXhWiBZjVCtH,30,NonPerishable,-1,875,0,47.25,498955.28,499002.53,8.01,39.24,-1
ivZaZNwBCpYUQXFS,409,Perishable,-1,979,0,195.62,146422874.79,146423070.41,23.89,171.73,1/5/2032
iWVvjPszd,423,Perishable,-1,597,0,396.31,2466773618.81,2466774015.12,170.2,226.11,10/19/2027
IYuTUybkltu,217,NonPerishable,-1,75,0,158.41,62965434.1,62965592.51,27.3,131.11,-1
iZVUIblUa,236,NonPerishable,-1,759,0,120.53,21099568.38,21099688.91,2.16,118.37,-1
izwbINYipVxFhozhtkwTw,128,NonPerishable,-1,59,0,99.09,9641893,9641992.09,30.28,68.81,-1
j,92,NonPerishable,-1,604,0,253.72,414366672.01,414366925.73,49.38,204.34,-1
ja,240,NonPerishable,-1,695,0,88.85,6228541.38,6228630.23,10.51,78.34,-1
jcUqzSOQecQbTEIFrwAj,489,Perishable,-1,852,0,433.36,3527242506.39,3527242939.75,61.65,371.71,11/18/2025
JDHDNZZnVAUdumbysbmOPMsTvXRGoawQ,345,Perishable,-1,592,0,68.8,2240526.35,2240595.15,23.7,45.1,3/28/2035
JDODH,308,Perishable,-1,931,0,152.31,53812716.16,53812868.47,9.35,142.96,11/5/2031
Je,452,Perishable,-1,898,0,197.02,150659570.56,150659767.58,82.88,114.14,11/25/2026
jEwXBBqQgVcEcRSNaOxGqFzJUtNVbaZ,429,Perishable,-1,184,0,421.51,3156612787.97,3156613209.48,141.12,280.39,6/8/2035
JfCXmUlkmdMQpUqhfAHXcBCBm,242,NonPerishable,-1,916,0,104.33,11844348.07,11844452.4,27.21,77.12,-1
jj,482,Perishable,-1,711,0,168.13,79892144.54,79892312.67,28.4,139.73,11/26/2024
jjmTyvPtGIhjPCMG,279,Perishable,-1,337,0,69.89,2386279.43,2386349.32,29.64,40.25,9/28/2024
jLxM,142,NonPerishable,-1,716,0,46.06,450484.3,450530.36,10.48,35.58,-1
jOzEXInCVByMcy,413,Perishable,-1,248,0,80.8,4262288.07,4262368.87,10.26,70.54,6/4/2027
JSbLNWuHBsdSJsyRTNGnAQNI,119,NonPerishable,-1,262,0,396.3,2466586310.92,2466586707.22,82.02,314.28,-1
jtiJsZoPW,22,NonPerishable,-1,15,0,185.32,117934899.7,117935085.02,23.71,161.61,-1
jVRgeUAyyEkAnDadHKwfHqWD,241,NonPerishable,-1,710,0,200.12,160368269.26,160368469.38,86.7,113.42,-1
JZEye,147,NonPerishable,-1,239,0,359.33,1667008267.15,1667008626.48,28,331.33,-1
jZzXoKMCLKUfJGPmdKd,231,NonPerishable,-1,215,0,100.44,10173135.71,10173236.15,39.05,61.39,-1
k,206,NonPerishable,-1,217,0,231.35,286531217.96,286531449.31,76.45,154.9,-1
kAEPorAMBM,355,Perishable,-1,150,0,13.36,3194.91,3208.27,4.11,9.25,9/9/2032
kbpZHXucQDWH,317,Perishable,-1,61,0,229.22,276039949.99,276040179.21,76.03,153.19,2/16/2034
KbxOnFsHDLpPllFKTvzdeVYzLzrjhreD,52,NonPerishable,-1,157,0,87,5728976.1,5729063.1,40.95,46.05,-1
kDyDNLYwpGFldaoXkmDWLIQdHlENEOJU,41,NonPerishable,-1,200,0,212.85,205207286.58,205207499.43,33.39,179.46,-1
kfeFpZNOlunJdAyCXjXxAKjYt,386,Perishable,-1,456,0,245.82,365118498.6,365118744.42,81.2,164.62,6/15/2034
kgByycfSczsuALZstUPmGobRyxB,260,Perishable,-1,681,0,267.92,515214776.26,515215044.18,67.45,200.47,9/13/2026
Kh,284,Perishable,-1,317,0,92.13,7202184.44,7202276.57,12.86,79.27,2/4/2026
kHrBldgdXQqTypeNhzXneBAZnJQUUJ,353,Perishable,-1,48,0,79.79,4053642.38,4053722.17,29.78,50.01,8/17/2023
kHvWX,337,Perishable,-1,274,0,358.66,1654931672.71,1654932031.37,30.49,328.17,11/18/2029
KkrkTZTguwBNKZZtHvZUZUiSftvREUg,480,Perishable,-1,18,0,441.92,3813773223.74,3813773665.66,195.52,246.4,1/17/2027
kMxNilpRKEAVVxLXvdLgYa,14,NonPerishable,-1,879,0,470.18,4887367637.95,4887368108.13,219.56,250.62,-1
koPUzHykdEdkEVfFZgQLfCALSsqOoDDm,258,Perishable,-1,489,0,32.7,114339.15,114371.85,3.84,28.86,6/9/2032
KQHMI,199,NonPerishable,-1,421,0,496.19,6061789080.42,6061789576.61,36.76,459.43,-1
kQiMOHBGzYudliQkHlpunDXkbYpkkOk,44,NonPerishable,-1,9,0,199.77,159289002.74,159289202.51,65.16,134.61,-1
kQnKHEDpLnUchOEcHKhqJVmlhsEowgG,157,NonPerishable,-1,335,0,17.51,9394.29,9411.8,6.21,11.3,-1
KRHFnvMTp,298,Perishable,-1,375,0,334.12,1246189031.68,1246189365.8,130.1,204.02,1/27/2023
KShnbUDnxfRPRznoyAxcRdWQKPA,347,Perishable,-1,654,0,98.07,9252924.11,9253022.18,42.79,55.28,4/22/2025
kSYqCnRUAic,269,Perishable,-1,872,0,307.23,890865780,890866087.23,87,220.23,1/7/2025
kwUDOZAnFgRJnxEMmuMibRGCmW,294,Perishable,-1,517,0,418.08,3055330709.5,3055331127.58,58.02,360.06,3/12/2030
L,276,Perishable,-1,589,0,66.16,1917102.44,1917168.6,21.22,44.94,8/26/2029
LAdNiQvJKrwSb,247,NonPerishable,-1,75,0,77.74,3650520.36,3650598.1,21.17,56.57,-1
LaGetPApWsfOQdChlAoclvUzIerYZK,250,Perishable,-1,738,0,34.91,148487.24,148522.15,13.87,21.04,8/8/2024
lCUrDPyCwU,168,NonPerishable,-1,852,0,262.33,473524469.55,473524731.88,40.46,221.87,-1
lhNPcMYZKwPR,287,Perishable,-1,375,0,449.03,4065111647.49,4065112096.52,206.42,242.61,6/21/2023
lKpvGWZuDqdY,163,NonPerishable,-1,359,0,42.49,326018.97,326061.46,11.68,30.81,-1
LLfLmAmhjJM,365,Perishable,-1,375,0,78.23,3743929.78,3744008.01,21.12,57.11,2/4/2028
lOlekJcLKAKcyhofhlWQtELufsUA,369,Perishable,-1,317,0,101.79,10736486.53,10736588.32,24.78,77.01,9/27/2028
lRYqNKDfxtTydppgGV,328,Perishable,-1,515,0,430.84,3445274359.46,3445274790.3,155.78,275.06,2/20/2030
mAhkuNTQQZlsbLQnQYwodBHstCC,101,NonPerishable,-1,662,0,418.84,3077167562.65,3077167981.49,72.31,346.53,-1
mbaZNz,85,NonPerishable,-1,619,0,185.72,118956417.94,118956603.66,81.89,103.83,-1
mbSIk,303,Perishable,-1,332,0,285.97,668847877.85,668848163.82,30.33,255.64,2/27/2030
mbWaIGCdFIXaUJFSP,105,NonPerishable,-1,784,0,316.51,1003542934.75,1003543251.26,148.8,167.71,-1
MchSZdGcGolVqbbDIEESwaqfWq,11,NonPerishable,-1,517,0,182.58,111137411.85,111137594.43,46.74,135.84,-1
McvIkGTeGkNvlKfAUsV,5,NonPerishable,-1,755,0,422.43,3184110209.79,3184110632.22,61.25,361.18,-1
mDjjlyufIPWYCJQoQBWlLCMtKb,159,NonPerishable,-1,968,0,185.71,118937055.81,118937241.52,69.52,116.19,-1
MdndUYYuxufoDDSCbOgmyCIWlrw,38,NonPerishable,-1,991,0,307.87,898487269.23,898487577.1,54.93,252.94,-1
mEXoZRMvMPmsLxnlNycHEx,10,NonPerishable,-1,108,0,153.11,54952201.77,54952354.88,29.75,123.36,-1
mfKoEjzEGhBHlgrTNFgDXle,91,NonPerishable,-1,648,0,178.17,100788625.61,100788803.78,71.88,106.29,-1
MgDWFJgsHrqhJaOMDgpfbKrEKaLu,106,NonPerishable,-1,2,0,92.29,7255499.25,7255591.54,2.75,89.54,-1
mjXqgKkCBDgBcVDarygWIXCNBywdlD,338,Perishable,-1,601,0,204.15,173741504.32,173741708.47,79.85,124.3,1/14/2023
mkCzI,281,Perishable,-1,543,0,381.72,2123033435.43,2123033817.15,150.1,231.62,10/7/2034
mmxnEzzf,112,NonPerishable,-1,748,0,385.15,2200777026.15,2200777411.3,29.22,355.93,-1
MNbzdKUuXPAEDgwYA,64,NonPerishable,-1,882,0,425.25,3270606454.87,3270606880.12,114.09,311.16,-1
MNogBaKSTjEoHHwqRpWLRgxCVzSY,117,NonPerishable,-1,189,0,138.37,36665847.15,36665985.52,55.44,82.93,-1
mRRJgQuyA,34,NonPerishable,-1,783,0,61.76,1455841.31,1455903.07,28.91,32.85,-1
mSCYoUHzhoINkKTqatSE,408,Perishable,-1,890,0,313.19,962155746.96,962156060.15,63.46,249.73,11/18/2033
MshidCCvRxWfAJTkCSsUpnbZX,131,NonPerishable,-1,249,0,147.17,46920777.66,46920924.83,11.2,135.97,-1
mswwhZbBb,222,NonPerishable,-1,950,0,37.67,201530.36,201568.03,10.12,27.55,-1
MuazMCxBuGFAxJxp,0,NonPerishable,-1,580,0,454.91,4282451705.8,4282452160.71,145.59,309.32,-1
mXQxLXXpzJYKwj,425,Perishable,-1,396,0,195.67,146609915.27,146610110.94,64.56,131.11,2/14/2034
mYwWuhtJnOmd,490,Perishable,-1,980,0,186.52,121019486.22,121019672.74,23.47,163.05,6/5/2030
mZVaeSpFwaGscSZIbw,286,Perishable,-1,669,0,105.22,12254875.55,12254980.77,48.44,56.78,9/12/2028
nancRpKKNPegUlNhFqXFjwwqvdJ,289,Perishable,-1,495,0,285.61,665393179.95,665393465.56,63.81,221.8,12/7/2023
nAziyCYPYcIeXLdlqX,67,NonPerishable,-1,797,0,411.66,2872081899.55,2872082311.21,52.19,359.47,-1
NBeHDKYAzCJRWCrDWWnuERkzgENPTqb,6,NonPerishable,-1,977,0,441.29,3792331008.29,3792331449.58,204.24,237.05,-1
nbwkGAfcgODCLYwELdsbM,115,NonPerishable,-1,27,0,407.79,2765394124.07,2765394531.86,48.09,359.7,-1
nCiIJJMPYWt,351,Perishable,-1,93,0,102.24,10922253.19,10922355.43,12.13,90.11,7/17/2035
NdWujWfuTdvCgxnnjtQZfZ,315,Perishable,-1,617,0,136.14,34341276.88,34341413.02,13.64,122.5,2/13/2031
NFAyvqkrfThrkZFBjRqVSISbDFuE,123,NonPerishable,-1,103,0,172.37,88292228.42,88292400.79,80.56,91.81,-1
ngcJtObBCpWgzxbdAQdQfOoIBblGUSyy,474,Perishable,-1,339,0,288.18,689740317.32,689740605.5,59.2,228.98,12/17/2030
nHcVrPlHiCqBKmLKVvRG,214,NonPerishable,-1,157,0,376.73,2014124279.73,2014124656.46,98.19,278.54,-1
nhnYEYJhsQMPKJjBtgzqBk,455,Perishable,-1,754,0,132.08,30437907.32,30438039.4,39.89,92.19,3/26/2026
NkceaYppcfdnkeoSu,164,NonPerishable,-1,721,0,389.19,2294339659.43,2294340048.62,161.17,228.02,-1
nmjyxHYJjCAlzyRRuiJvDypxcxDQSdpU,335,Perishable,-1,850,0,190.29,131125404.27,131125594.56,78.59,111.7,7/22/2033
nMnNJa,481,Perishable,-1,109,0,311.81,945249411.39,945249723.2,138.31,173.5,4/26/2035
NNaBWaWMqHF,53,NonPerishable,-1,725,0,370.61,1886500491.44,1886500862.05,147.71,222.9,-1
NokzJVbFWVJwrfBqiPwJkupN,259,Perishable,-1,52,0,66.29,1931323.35,1931389.64,18.79,47.5,9/10/2029
NqEPqRXjPSyYVRGuggGqzFuuUt,45,NonPerishable,-1,177,0,324.83,1113228927.39,1113229252.22,139.67,185.16,-1
nrkSugvFxnokMaFAXtYWpLjM,190,NonPerishable,-1,2,0,401.59,2601011397.42,2601011799.01,76.25,325.34,-1
NrXrhkcDgIcGsIRcycjilFrJVCwRK,43,NonPerishable,-1,864,0,449.11,4068190008.52,4068190457.63,125.08,324.03,-1
NsuYorb,263,Perishable,-1,702,0,192.62,137644947.96,137645140.58,44.89,147.73,2/18/2025
NudgGtAJ,125,NonPerishable,-1,174,0,139.94,38339212.06,38339352,32.79,107.15,-1
nuzKqSfT,120,NonPerishable,-1,465,0,56.71,1034112.52,1034169.23,17.48,39.23,-1
NYDVviIAhkdhRBZ,69,NonPerishable,-1,368,0,217.79,224994565.07,224994782.86,36.06,181.73,-1
NZuQoiQAvHjTeRslhVjzECq,459,Perishable,-1,464,0,241.83,341969101.76,341969343.59,95.37,146.46,2/1/2029
O,226,NonPerishable,-1,753,0,225.22,257269837.51,257270062.73,26.57,198.65,-1
OavxkBWEdner,99,NonPerishable,-1,792,0,272.25,549277099.96,549277372.21,55.76,216.49,-1
ODjIutplHvDQUrjDoVvKNUSAWqrdD,349,Perishable,-1,755,0,433.27,3524232625.22,3524233058.49,157.74,275.53,1/23/2028
OdYaMuXizhglmtCVvdvNEkUpIqqQVAF,320,Perishable,-1,478,0,425.5,3277918397.26,3277918822.76,194.68,230.82,5/3/2033
ofpJvxAXmXiAagVpUwUpbffgttbzUDeG,304,Perishable,-1,7,0,450.02,4101171775.2,4101172225.22,123.44,326.58,10/27/2025
oJY,348,Perishable,-1,304,0,263.39,481297332.8,481297596.19,118.63,144.76,5/5/2025
oMhqzAKy,360,Perishable,-1,274,0,173.12,89813000.97,89813174.09,31.68,141.44,4/13/2033
omMfgRAxGpD,39,NonPerishable,-1,881,0,59.48,1252087.9,1252147.38,24.6,34.88,-1
OnknSMODZWe,194,NonPerishable,-1,642,0,139.48,37853924.93,37854064.41,54.2,85.28,-1
oNnfbcHdxt,191,NonPerishable,-1,951,0,92.76,7406769.12,7406861.88,21.74,71.02,-1
op,211,NonPerishable,-1,997,0,365.49,1784489077.35,1784489442.84,54.19,311.3,-1
OpGfEBkBNionnxSVtHuQVYhubnxb,331,Perishable,-1,129,0,279.2,607661095.93,607661375.13,35.94,243.26,8/2/2027
OqEAtHnCvmtLxLfvaPeChKgJiXgdnZ,33,NonPerishable,-1,609,0,226.98,265453813.64,265454040.62,68.24,158.74,-1
oSDeMvfZQNyntEWvSooYvQZvvvQiiJu,407,Perishable,-1,737,0,33.71,129091.1,129124.81,0.48,33.23,11/28/2031
ouQnuTqnkhHgJabBJiZrGxJ,419,Perishable,-1,103,0,245.88,365534354.74,365534600.62,71.01,174.87,1/18/2033
ovso,379,Perishable,-1,309,0,408.56,2786543682.17,2786544090.73,37.11,371.45,2/23/2027
oZ,88,NonPerishable,-1,96,0,198.8,156194263.48,156194462.28,26.05,172.75,-1
p,71,NonPerishable,-1,772,0,252.72,407871896.8,407872149.52,21.61,231.11,-1
PccZsWYXcwobcTfcORFOsaeW,3,NonPerishable,-1,282,0,95.86,8447576.23,8447672.09,39.9,55.96,-1
PcFmpwJIcAQMwKioN,400,Perishable,-1,128,0,231.4,286717197.42,286717428.82,24.37,207.03,5/16/2026
pcrPcKXDFLaUKDdqyhdxXg,288,Perishable,-1,176,0,99.57,9832095.41,9832194.98,43.61,55.96,7/1/2031
pdpnaoieawVw,271,Perishable,-1,214,0,268.46,519496932.58,519497201.04,85.76,182.7,10/8/2025
PeRCwmvbPBnGCzcJmBQiAK,8,NonPerishable,-1,939,0,8.86,619.4,628.26,2.54,6.32,-1
pgBWdttuJlZlBJbiVhwwOYNFnXH,464,Perishable,-1,834,0,336.77,1286388462.35,1286388799.12,157.32,179.45,3/18/2029
PHSoANCXfNGnvBwmyMvy,437,Perishable,-1,760,0,219.34,231415524.62,231415743.96,44.78,174.56,7/18/2027
pqDmaFwVC,485,Perishable,-1,929,0,275.89,579375141.31,579375417.2,58.35,217.54,9/14/2031
PQMcmVEVfrUtADIUXLerTzvCO,377,Perishable,-1,921,0,395.26,2441043249.48,2441043644.74,34.23,361.03,3/1/2034
pUeFFyXKunhtq,340,Perishable,-1,668,0,491.2,5821479341.17,5821479832.37,117.23,373.97,2/12/2026
pvAXvABJNPWsbWY,175,NonPerishable,-1,607,0,242.42,345332853.54,345333095.96,35.06,207.36,-1
PwAfyzgL,346,Perishable,-1,815,0,333.3,1234074260.23,1234074593.53,88.72,244.58,7/4/2028
pWNqUAyAKHqkJcquFOqbGkrWgAvdHHL,73,NonPerishable,-1,544,0,27.49,57130.82,57158.31,8.97,18.52,-1
PyBlsl,406,Perishable,-1,280,0,398.94,2532718247.37,2532718646.31,100.54,298.4,1/8/2035
pYhzwplMhTZWX,283,Perishable,-1,900,0,8.4,498.12,506.52,1.74,6.66,4/5/2026
pyxQCMJNhwEmmCVRNmY,201,NonPerishable,-1,760,0,253.95,415985667.14,415985921.09,91.13,162.82,-1
qcIsdhbVFjIQBdcNskIsQUznmjPMUf,215,NonPerishable,-1,73,0,114.32,17077082.73,17077197.05,31.11,83.21,-1
QDBjNNMoKMkaBcTNucxZyh,210,NonPerishable,-1,16,0,473.46,5025390855.92,5025391329.38,55.57,417.89,-1
qdZPPtlZGUACL,154,NonPerishable,-1,602,0,452.19,4181127214.87,4181127667.06,225.8,226.39,-1
QeAgaUbQAmyrrqZojx,81,NonPerishable,-1,139,0,422.58,3189012998.14,3189013420.72,1.81,420.77,-1
QFiucDxMzENTYmpg,54,NonPerishable,-1,489,0,380.08,2087002157.4,2087002537.48,95.16,284.92,-1
QgskWdwVxn,389,Perishable,-1,498,0,195.29,145459414.97,145459610.26,74,121.29,5/1/2035
QgVaRZRSz,208,NonPerishable,-1,60,0,197.74,152858742.6,152858940.34,5.66,192.08,-1
qHqdTCgkevxALYscFuJkZIgUzCea,207,NonPerishable,-1,5,0,69.97,2397914.58,2397984.55,32.19,37.78,-1
QIzEEFMqTwIWTkOPKOtMoPakN,352,Perishable,-1,766,0,307.75,897144853.9,897145161.65,18.81,288.94,7/26/2030
qLk,327,Perishable,-1,845,0,274.26,565865373.49,565865647.75,126.45,147.81,5/15/2026
qnlSCHcWnbAppIojLQgHiW,422,Perishable,-1,205,0,212.53,203994952.47,203995165,55.98,156.55,12/15/2030
QsSnJaokAaBKFmDHFqMdYBJAWEjcRCud,319,Perishable,-1,487,0,55.85,973821.26,973877.11,12.02,43.83,7/5/2029
QtirXiZZYeqExDo,162,NonPerishable,-1,559,0,283.45,645400159.46,645400442.91,54.8,228.65,-1
qwdRLrCtrPlyGXvdD,370,Perishable,-1,537,0,481.68,5383349439.01,5383349920.69,4.61,477.07,7/27/2035
QwxOshVvLaJVzoOivvZOxXLdijDSNUzx,132,NonPerishable,-1,375,0,424.37,3243465868.15,3243466292.52,34.79,389.58,-1
qXqcplhN,114,NonPerishable,-1,273,0,87.76,5934481.27,5934569.03,11.06,76.7,-1
qYddWqHUOOtKMdIlsksluELfBEYy,295,Perishable,-1,934,0,206.29,181106267.39,181106473.68,49.61,156.68,5/2/2025
rbkMTlZSBwAwOFjtPyJETOTQgg,216,NonPerishable,-1,352,0,34.12,135451.62,135485.74,8.86,25.26,-1
ReTRhtrfaMwiOvDCdxduhRWSj,451,Perishable,-1,23,0,173.4,90405936.01,90406109.41,57.12,116.28,2/27/2034
rf,46,NonPerishable,-1,287,0,239.31,327963389.82,327963629.13,67.33,171.98,-1
rFbwMPDx,173,NonPerishable,-1,919,0,104.85,12080012.8,12080117.65,48.65,56.2,-1
RHLMrcKUaPYBefLFjekqEMgOShnFnsD,491,Perishable,-1,849,0,353.29,1557893699.2,1557894052.49,75.17,278.12,12/26/2030
RIu,84,NonPerishable,-1,560,0,340.66,1346901082.18,1346901422.84,11.8,328.86,-1
rkiiXXLMsFKAPahcFCTlolOYcO,483,Perishable,-1,874,0,180.59,106365173.17,106365353.76,11.27,169.32,10/7/2034
rlkhDLFuPcGgZsE,399,Perishable,-1,966,0,138.89,37214715.77,37214854.66,37.44,101.45,11/17/2032
rmXpWO,396,Perishable,-1,254,0,368.91,1852123497.26,1852123866.17,9.45,359.46,1/16/2033
rnCjBLZYubsyCYxKUS,192,NonPerishable,-1,591,0,138.97,37305880.86,37306019.83,51.67,87.3,-1
RNvfojFIjHvREYFXnAqVejjFvB,268,Perishable,-1,945,0,422.76,3194600668.96,3194601091.72,129.57,293.19,6/15/2034
RnzeJytKmZgAZgQk,368,Perishable,-1,645,0,493.11,5912434724.71,5912435217.82,37.58,455.53,6/14/2023
ROUOapsHH,1,NonPerishable,-1,430,0,194.54,143200981.54,143201176.08,65.15,129.39,-1
rPvPEsRxiydiwbkZoA,374,Perishable,-1,125,0,111.83,15635688.14,15635799.97,12.83,99,6/14/2026
rqaPTeDOnHikLAjWg,29,NonPerishable,-1,96,0,71.07,2552292.85,2552363.92,18.09,52.98,-1
RqpJakLrre,245,NonPerishable,-1,465,0,460.07,4480474024.53,4480474484.6,171.66,288.41,-1
RUcAemA,266,Perishable,-1,482,0,317.96,1022220697.62,1022221015.58,111.56,206.4,2/25/2029
RYQFlejotnSXq,50,NonPerishable,-1,430,0,42.4,323201.21,323243.61,17.27,25.13,-1
saKPOhLzInOtpLWGktYpRwfsSiDotAYW,237,NonPerishable,-1,631,0,427.8,3349369226.72,3349369654.52,163.79,264.01,-1
SBXejjNMyShogMMBYbXlEiefmvR,332,Perishable,-1,730,0,132.5,30822103.62,30822236.12,64.17,68.33,1/8/2024
sFTSmHmRacUQ,442,Perishable,-1,137,0,169.84,83187322.89,83187492.73,48.08,121.76,8/2/2023
SGWqRsVMFSUxiTzzmhanRpH,387,Perishable,-1,937,0,358.85,1658488360.83,1658488719.68,5.5,353.35,7/6/2035
shjIzsoKFKjrRXyuJsXRolCLjs,150,NonPerishable,-1,926,0,194.45,142928992.74,142929187.19,42.91,151.54,-1
sIVKuGheeuK,12,NonPerishable,-1,556,0,35.34,155802.4,155837.74,3.25,32.09,-1
SJFPYCaLkUFDYZ,248,NonPerishable,-1,441,0,431.49,3466513725.33,3466514156.82,33.17,398.32,-1
SjGX,411,Perishable,-1,932,0,406.64,2733994279.46,2733994686.1,194.72,211.92,12/9/2035
SkrDyadCuGkGDHHQRCTdxSMICcW,447,Perishable,-1,423,0,55.3,935194.34,935249.64,16.49,38.81,4/15/2027
SlFMDbAzFOKTaWLRBX,140,NonPerishable,-1,746,0,479.08,5268054274.03,5268054753.11,35.32,443.76,-1
sLzwqdCWKGkqJWKG,257,Perishable,-1,780,0,291.67,723788228.44,723788520.11,134.63,157.04,3/26/2028
SNbkbRwDInZgaFRpaTjXZL,376,Perishable,-1,310,0,179.71,104295359.83,104295539.54,14.35,165.36,6/22/2035
sOPbGbWRURWagqs,148,NonPerishable,-1,308,0,139.22,37561557.39,37561696.61,53.38,85.84,-1
SPKgglOcQJqibeRvBtcNtfXOkhxPG,144,NonPerishable,-1,283,0,134.79,33011336.68,33011471.47,42.58,92.21,-1
SRLWgDncsDTWxgtFZQgUWWCHrWzMFnD,285,Perishable,-1,266,0,281.16,624994168.47,624994449.63,108.24,172.92,5/5/2024
sUOEyiAmogOMPWXhH,230,NonPerishable,-1,144,0,118.47,19703513.39,19703631.86,21.72,96.75,-1
SUuhManBLXNsFQqfOSQENkrBqzAIOwiM,60,NonPerishable,-1,739,0,75.72,3286452.44,3286528.16,6.34,69.38,-1
sxUAz,428,Perishable,-1,105,0,356.42,1613704217.17,1613704573.59,95.25,261.17,11/22/2023
sZjXMsFxRE,15,NonPerishable,-1,885,0,71.27,2581154.23,2581225.5,32.1,39.17,-1
tcKdiCmxVEWiZyEVEYLCP,26,NonPerishable,-1,598,0,490.23,5775277783.33,5775278273.56,245.08,245.15,-1
tdNlaNQXGHVDKnUitLWhzxK,398,Perishable,-1,327,0,165.09,74286522.98,74286688.07,74.45,90.64,9/4/2027
TDWAFbwVFqWZw,312,Perishable,-1,350,0,435.72,3604209571.35,3604210007.07,33.21,402.51,5/19/2035
tFmzlTItMCktuQgjZ,102,NonPerishable,-1,631,0,383.25,2157671055.75,2157671439,83.51,299.74,-1
tfSasDivraxUCJxawueKXQq,310,Perishable,-1,338,0,122.09,22220624.18,22220746.27,3.36,118.73,6/22/2028
THSaDjvkQ,23,NonPerishable,-1,695,0,305.47,870797109.63,870797415.1,115.64,189.83,-1
tkNKATxyQdidLsZiYhwbGg,246,NonPerishable,-1,217,0,117.19,18862544.97,18862662.16,45.12,72.07,-1
tKsUCxzNMQZGJlXmDdMyztW,108,NonPerishable,-1,766,0,396.63,2474625624.21,2474626020.84,168.46,228.17,-1
TMQpimVosNToPjWqQzxgYnBtJXV,316,Perishable,-1,283,0,405.34,2699199521.04,2699199926.38,132.82,272.52,1/18/2032
TMuZpiidyCgxQOAJHxW,47,NonPerishable,-1,447,0,19.28,13831.66,13850.94,8.48,10.8,-1
ToEqMTzrcMKtnOdZxEtKZFxiGHPq,196,NonPerishable,-1,708,0,462.27,4566789358.79,4566789821.06,184.11,278.16,-1
TojSRkwzeR,27,NonPerishable,-1,382,0,172.9,89367545.72,89367718.62,15.92,156.98,-1
TOnfNmXnDFwULSaupawVo,363,Perishable,-1,609,0,394.65,2426071374.48,2426071769.13,94.04,300.61,12/15/2029
TQDItfGqhdvoYhOdKLpGaV,301,Perishable,-1,670,0,320.93,1060719395.36,1060719716.29,6.44,314.49,6/6/2029
TSLwgoVDxkomIBWwHP,318,Perishable,-1,78,0,136.74,34950727.59,34950864.33,40.19,96.55,12/17/2028
tSuXMrumiLlGyyzfkWBWRFBeffwxlG,357,Perishable,-1,697,0,112.59,16070770.09,16070882.68,28.88,83.71,11/14/2031
ttbWqTXMatDPcz,458,Perishable,-1,836,0,102,10824321.6,10824423.6,45.9,56.1,6/27/2024
TuLReByTnfEBUYhmxFwbTqFjfwI,70,NonPerishable,-1,247,0,16.84,8022.58,8039.42,1.45,15.39,-1
tVHY,297,Perishable,-1,970,0,278.86,604793952.25,604794231.11,109.93,168.93,9/13/2026
Tvmkrln,110,NonPerishable,-1,376,0,73.29,2885636.18,2885709.47,24.97,48.32,-1
Tvp,224,NonPerishable,-1,881,0,467.36,4771373329.07,4771373796.43,202.07,265.29,-1
tyhmQLwHnYhEQ,97,NonPerishable,-1,893,0,186.09,119926418.81,119926604.9,57.83,128.26,-1
tYsriXlwEiXLeRbSLaYGvIz,198,NonPerishable,-1,733,0,319.17,1037837183.16,1037837502.33,98.56,220.61,-1
TzhuDTplHLnhtuXpvkkSBjedSBvIV,410,Perishable,-1,605,0,424.35,3243007089.72,3243007514.07,50.93,373.42,8/26/2033
UdiqeWI,341,Perishable,-1,926,0,459.41,4454432868.54,4454433327.95,157.93,301.48,4/25/2031
UDmhgUzzBmbZqiwzXlmZUdQnpRVY,306,Perishable,-1,31,0,476.79,5167942997.02,5167943473.81,206.87,269.92,4/15/2028
UIAIeEbqydaynttvhFNsRmDsqLjKpE,77,NonPerishable,-1,42,0,251.61,400769344.59,400769596.2,123.55,128.06,-1
UihcaHVR,83,NonPerishable,-1,67,0,92.54,7330485.77,7330578.31,41.37,51.17,-1
UIPAYtb,454,Perishable,-1,790,0,203.91,172875038.7,172875242.61,53.72,150.19,12/16/2035
UJfaNwGxFJbPxLIDWcvdqMrkE,254,Perishable,-1,203,0,362.21,1721194225.42,1721194587.63,19.1,343.11,6/15/2028
uKYL,460,Perishable,-1,641,0,388.54,2278758278.1,2278758666.64,85.17,303.37,8/1/2035
UlE,420,Perishable,-1,5,0,172.3,88133548.61,88133720.91,78.34,93.96,10/25/2023
un,253,Perishable,-1,879,0,318.26,1026084186.15,1026084504.41,28.98,289.28,9/2/2032
UozzeYGpFrIkDaotxROcqYrzOTkDB,118,NonPerishable,-1,820,0,269.37,526557014.45,526557283.82,14.41,254.96,-1
UPvozaaOFIyrllfPUCRopdoOgLA,197,NonPerishable,-1,958,0,8.37,492.49,500.86,4.12,4.25,-1
UryfhVC,390,Perishable,-1,942,0,21.49,21336.13,21357.62,2.74,18.75,11/6/2034
UUkPuXwipXaJYisQDA,277,Perishable,-1,30,0,106.95,13089535.64,13089642.59,39.85,67.1,8/2/2032
uvjsSvMFQCaoRSftyhqpukKbZppu,417,Perishable,-1,94,0,114.49,17183356.44,17183470.93,55.2,59.29,12/25/2034
UWwYQZXMYLaCJEUXoyGErG,145,NonPerishable,-1,953,0,481.94,5394309647.77,5394310129.71,21.93,460.01,-1
uYYFyrCmNPftO,493,Perishable,-1,969,0,69.15,2288149.99,2288219.14,13.34,55.81,5/6/2024
V,498,Perishable,-1,718,0,220.56,236693017.8,236693238.36,35.86,184.7,7/5/2028
VcLNlHqYLK,239,NonPerishable,-1,250,0,198.14,154099267.65,154099465.79,89.65,108.49,-1
VDOnxrtaoWuHTbnEJfbgRdvn,307,Perishable,-1,812,0,314.09,973263421.24,973263735.33,64.24,249.85,11/23/2033
VE,330,Perishable,-1,188,0,375.7,1992346222,1992346597.7,109.05,266.65,9/21/2026
vFQpVAzbxzlsEHWmc,183,NonPerishable,-1,34,0,215.84,216993887.12,216994102.96,87.47,128.37,-1
VJPrMxBCKONykiaQDGnyRcFMPggt,443,Perishable,-1,7,0,446.62,3978627112.11,3978627558.73,196.8,249.82,12/16/2034
vnpfXkxpqfSuByBAfpmXzNcWDXyANgm,16,NonPerishable,-1,973,0,263.74,483768848.02,483769111.76,74.61,189.13,-1
vopXYHiqtuh,156,NonPerishable,-1,315,0,103.84,11622289.92,11622393.76,51.66,52.18,-1
VPsCtfSCDyb,264,Perishable,-1,176,0,136.86,35093950.5,35094087.36,29.53,107.33,1/15/2023
vqDncabuCz,202,NonPerishable,-1,603,0,97.19,8923443.48,8923540.67,18.25,78.94,-1
VRYpBcKugbTIeYAkCaAAhslPzTy,218,NonPerishable,-1,638,0,408.07,2773132908.59,2773133316.66,157.28,250.79,-1
vTiMBqhM,274,Perishable,-1,531,0,178.52,101554361.78,101554540.3,51.86,126.66,3/23/2029
vUNCVknefFOsDIoQrUsxVvFkYCNMFIRm,213,NonPerishable,-1,531,0,217.73,224705165.62,224705383.35,101.3,116.43,-1
vvwxtkfQpIOSpvv,291,Perishable,-1,640,0,245.12,360976948.48,360977193.6,45.42,199.7,7/18/2031
Vy,305,Perishable,-1,988,0,290.98,716939502.69,716939793.67,51.29,239.69,4/9/2028
vyQ,273,Perishable,-1,731,0,114.16,16990607.46,16990721.62,39.24,74.92,5/21/2031
vztjcbsONeXbCR,472,Perishable,-1,153,0,225.74,259631251.42,259631477.16,101.14,124.6,11/10/2027
VZVr,358,Perishable,-1,78,0,172.38,88307526.26,88307698.64,27.26,145.12,5/1/2025
w,487,Perishable,-1,522,0,1.1,0.14,1.24,0.47,0.63,6/18/2033
WBtsDrRKMrORdfyUBWCzvxUDLIBrfXtF,434,Perishable,-1,796,0,20.32,17032.22,17052.54,7.94,12.38,6/25/2035
wEgHrQenAUGTsNObsFeQnuJZt,336,Perishable,-1,755,0,61.56,1437067.11,1437128.67,10.04,51.52,5/28/2031
wGEkWFnrenMljvoJFNmUJpGrDZB,479,Perishable,-1,504,0,71.11,2556582.28,2556653.39,35.14,35.97,6/9/2025
WguAjKHIXL,4,NonPerishable,-1,996,0,451.38,4151341137.79,4151341589.17,36.11,415.27,-1
WGXGHbSjklaOJpkGSimcgc,122,NonPerishable,-1,413,0,317.66,1018368335.15,1018368652.81,73.12,244.54,-1
wiPDnrtqwHWzVXyAsnI,418,Perishable,-1,204,0,310.8,933090700.16,933091010.96,153.85,156.95,6/12/2029
wIVwFWabvZraKFjAclpQLFOCrxhm,272,Perishable,-1,175,0,51.19,686785,686836.19,19.66,31.53,8/5/2035
WlXiLRmc,65,NonPerishable,-1,877,0,315.72,993529682.74,993529998.46,109.15,206.57,-1
WN,380,Perishable,-1,40,0,393.96,2409087067.8,2409087461.76,126.84,267.12,10/2/2024
wnVCbvPdvoN,232,NonPerishable,-1,21,0,5.18,72.16,77.34,1.19,3.99,-1
WowtqOlEIWuCzPGLlqmfiYxz,478,Perishable,-1,230,0,365.68,1788251769.74,1788252135.42,119.54,246.14,8/28/2024
WoXdslSpYrQAkOzIKCCPsjxBMnyGwCI,137,NonPerishable,-1,616,0,197.99,153671997.6,153672195.59,29.16,168.83,-1
WPQDIZZIOQZicdZPnLXzVDnNaKzD,56,NonPerishable,-1,940,0,16.03,6591.06,6607.09,4.46,11.57,-1
WRogpW,186,NonPerishable,-1,875,0,150.02,50645253.3,50645403.32,4.2,145.82,-1
WrTv,223,NonPerishable,-1,392,0,183.14,112470217,112470400.14,81.6,101.54,-1
WSHkyMGJQKiZinjXd,178,NonPerishable,-1,384,0,157.21,61079128.59,61079285.8,11.51,145.7,-1
wSMKgBjIlAJUfbqIWsgeVuLn,74,NonPerishable,-1,339,0,79,3895008.1,3895087.1,18.2,60.8,-1
WtQoJjMeuixOvAwGWOt,439,Perishable,-1,544,0,18.84,12572.12,12590.96,0.47,18.37,12/1/2034
wXsvOlkHSERyRuYwDASGFrAyXLQMCQD,445,Perishable,-1,75,0,415.67,2985561496.89,2985561912.56,111.31,304.36,8/7/2032
wyaRedZwQXZfvPSbIdYtn,36,NonPerishable,-1,454,0,62.52,1527344.22,1527406.74,11.69,50.83,-1
wYHFPJPWYcpuzNqkVPpz,160,NonPerishable,-1,739,0,384.32,2181470838.88,2181471223.2,45.09,339.23,-1
wYSzfrseeoYm,322,Perishable,-1,746,0,94.38,7936212.23,7936306.61,15.15,79.23,3/4/2033
XbLcMy,435,Perishable,-1,326,0,326.78,1140376965.97,1140377292.75,64.31,262.47,3/2/2023
XbpuU,113,NonPerishable,-1,628,0,382.39,2138145994.13,2138146376.52,148.43,233.96,-1
xbqGzGRiJRNNevmpkPIrhNgOorrjyZ,371,Perishable,-1,628,0,39.96,255232.91,255272.87,14.3,25.66,12/11/2035
xczPnoYoDEigeYsRJhCRKW,80,NonPerishable,-1,314,0,102.67,11114776.99,11114879.66,39.72,62.95,-1
xehpiHKPTcYMuJXBxiV,311,Perishable,-1,809,0,373.08,1937452231.55,1937452604.63,164.43,208.65,10/25/2031
XiBxKmkZOdeCgquITKsC,473,Perishable,-1,381,0,84.37,5068796.89,5068881.26,35.7,48.67,9/5/2034
XICHfrPrdunNadh,309,Perishable,-1,52,0,399.36,2543910308.66,2543910708.02,53.22,346.14,5/22/2035
xkAOqqFBXUiYVXqqoZiPT,401,Perishable,-1,425,0,260.83,462786242.71,462786503.54,69.89,190.94,5/3/2031
XLFEIgUwLVWBYMfxJnCLu,116,NonPerishable,-1,322,0,358.1,1644437040.4,1644437398.5,174.07,184.03,-1
XOLXDFKvOYxfuoBDRX,98,NonPerishable,-1,757,0,415.72,2986639266,2986639681.72,202.33,213.39,-1
XsfTyCUqgjseNPvhDYSqBVmghTbrjFct,75,NonPerishable,-1,295,0,422.16,3176505339.32,3176505761.48,149.62,272.54,-1
XuAPavikfWmCCTTtDrxEzSgoe,220,NonPerishable,-1,32,0,389.9,2311069000.42,2311069390.32,167.17,222.73,-1
xUBgxNJikUzwrMWgYmWSjw,342,Perishable,-1,752,0,448.84,4058144682.51,4058145131.35,74.1,374.74,4/16/2031
xujQBYnhMaBpM,282,Perishable,-1,45,0,5.66,103.46,109.12,0.23,5.43,11/2/2030
xWgv,441,Perishable,-1,497,0,340.55,1345201010.85,1345201351.4,138.49,202.06,12/13/2028
XwnCuNeKJsTCXBLREFyLZqmZpVBGRBtg,314,Perishable,-1,500,0,102.75,11151636.28,11151739.03,22.14,80.61,4/18/2029
XxJSlcWqlKaQMZWEvy,111,NonPerishable,-1,350,0,208.45,188757236.56,188757445.01,95.74,112.71,-1
xxRmJ,403,Perishable,-1,73,0,172.97,89527883.05,89528056.02,58.33,114.64,3/12/2035
xXvoKWpfiDgVSl,244,NonPerishable,-1,536,0,311.1,936698876.39,936699187.49,152.45,158.65,-1
XzrIWeIfPRw,55,NonPerishable,-1,987,0,46.41,463818.29,463864.7,17.35,29.06,-1
yaLrQtprpJPV,394,Perishable,-1,352,0,82.35,4601670.24,4601752.59,34.59,47.76,8/23/2025
YBkpSLbpXZ,24,NonPerishable,-1,344,0,438.95,3712868495.27,3712868934.22,177.46,261.49,-1
yCkUrBEckVDzjeIzUSROsfSODuGHsWWu,20,NonPerishable,-1,953,0,377.28,2026179987.64,2026180364.92,143.99,233.29,-1
yDTNDbtIuzUTKFvkNBsjgYc,48,NonPerishable,-1,3,0,18.61,11986.51,12005.12,0.11,18.5,-1
YeczXfhRpNqlhbVNggRnhwHJSGe,138,NonPerishable,-1,886,0,465.71,4703843177.64,4703843643.35,161.17,304.54,-1
YhbJ,166,NonPerishable,-1,546,0,413.9,2934821421.56,2934821835.46,183.89,230.01,-1
yJnjPnWLZJzAnBmjYD,265,Perishable,-1,974,0,276.93,588075216.59,588075493.52,58,218.93,9/25/2027
YJZnjjMLWzbvJhimhpFkDSOCFqiXBa,13,NonPerishable,-1,301,0,254.95,422576065.9,422576320.85,81.99,172.96,-1
YKtBtJFGlfhTLPaziztM,238,NonPerishable,-1,628,0,405.99,2716889265.76,2716889671.75,80.97,325.02,-1
ylrAoFBE,468,Perishable,-1,135,0,62.57,1533468.06,1533530.63,31.1,31.47,8/18/2023
yMvMV,193,NonPerishable,-1,912,0,180.61,106400477.36,106400657.97,31.97,148.64,-1
YNjoXWtydJxjSHwpuGtULdRJD,385,Perishable,-1,320,0,156.05,59319043.06,59319199.11,27.39,128.66,10/17/2025
ypCxIjaGlMPIZUmwOBVtwqQpcB,79,NonPerishable,-1,385,0,429.98,3418323981.39,3418324411.37,207.66,222.32,-1
ypyeqgpvkOaKMxUIXFKVMqCUA,256,Perishable,-1,972,0,371.53,1905199665.17,1905200036.7,118.84,252.69,12/2/2026
YS,440,Perishable,-1,263,0,313.58,966988198.22,966988511.8,125.87,187.71,12/11/2029
YsJXERVwbWFUxjeEn,471,Perishable,-1,535,0,329.59,1180074500.48,1180074830.07,85.54,244.05,11/4/2023
YSsoDYpLTrOEAtNcNG,72,NonPerishable,-1,746,0,212.67,204590798.56,204591011.23,48.81,163.86,-1
YTnPwJ,219,NonPerishable,-1,955,0,2.61,4.62,7.23,1.21,1.4,-1
YTUITMnlgYdscVdacb,25,NonPerishable,-1,976,0,70.61,2485457.17,2485527.78,32.06,38.55,-1
YzxXYSUAwJgYaesCPRYugirkeXqqywS,21,NonPerishable,-1,120,0,474.4,5064992408.59,5064992882.99,87.87,386.53,-1
Zc,381,Perishable,-1,585,0,176.05,96033056.77,96033232.82,13.03,163.02,2/19/2032
ZEuQgBqFMyu,158,NonPerishable,-1,53,0,161.07,67319348.24,67319509.31,67.32,93.75,-1
zHbOXlevYeWw,135,NonPerishable,-1,115,0,18.45,11556.71,11575.16,1.01,17.44,-1
zHT,17,NonPerishable,-1,685,0,300.68,817423593.57,817423894.25,119.06,181.62,-1
ziMVwmTmaCWrqpOFQmzeC,402,Perishable,-1,29,0,48.33,545243.11,545291.44,11.44,36.89,11/8/2025
ZiStjYgmPjOXJ,290,Perishable,-1,965,0,142.24,40922695.5,40922837.74,46.73,95.51,5/15/2029
ZjJzMIyAATcIJbFOuUSXifpUkxOiYhA,121,NonPerishable,-1,933,0,333.22,1232815703.43,1232816036.65,154.04,179.18,-1
ZKAyBf,32,NonPerishable,-1,595,0,70.35,2451102.34,2451172.69,18.27,52.08,-1
ZkLZnnt,373,Perishable,-1,384,0,279.23,607857183.15,607857462.38,82.1,197.13,1/27/2030
ZLeGeASywHslWIwI,243,NonPerishable,-1,940,0,424.1,3234990918.37,3234991342.47,96.62,327.48,-1
zLUdjxQLXnrysTaqiYfTUfi,299,Perishable,-1,261,0,355.66,1600254541.17,1600254896.83,16.54,339.12,10/16/2025
zLypuSKFQuootvvkDIncllJGuiD,180,NonPerishable,-1,558,0,395.85,2455711859.87,2455712255.72,178.99,216.86,-1
ZpDsvZJIjnPbcZBoGMJqJB,204,NonPerishable,-1,550,0,260,456976000,456976260,39.5,220.5,-1
ZRcvkJxnWphTDwrmJmsRaGlOm,151,NonPerishable,-1,827,0,56.17,995992.4,996048.57,25.7,30.47,-1
zSetMskVyRLhZjay,76,NonPerishable,-1,151,0,258.01,443128266.15,443128524.16,50.05,207.96,-1
ZVRpoAUzfMJlnDwUuLFofkoyNloZoNgP,388,Perishable,-1,167,0,254.29,418151722.04,418151976.33,52.85,201.44,7/27/2029
zwtrxWgDejPPGTbOILXkikxY,221,NonPerishable,-1,412,0,438.71,3704249986.42,3704250425.13,126.06,312.65,-1
ZzqcUfjLLgWmGoSjOuMUcCGNlO,416,Perishable,-1,643,0,4.15,29.96,34.11,1.77,2.38,6/10/2026
